{
  "project_info": {
    "project_number": "1030532823661",
    "firebase_url": "https://iot-999.firebaseio.com",
    "project_id": "iot-999",
    "storage_bucket": "iot-999.appspot.com"
  },
  "client": [
    {
      "client_info": {
        "mobilesdk_app_id": "1:1030532823661:android:1965bc372b5e706754dd64",
        "android_client_info": {
          "package_name": "com.anomaly.detection"
        }
      },
      "oauth_client": [
        {
          "client_id": "1030532823661-f72vibnmfkkanggcpoo1tsa9a174kgoi.apps.googleusercontent.com",
          "client_type": 3
        }
      ],
      "api_key": [
        {
          "current_key": "AIzaSyB_2LsnIBkr7U44QX0rUx3b52oJqgF-2gk"
        }
      ],
      "services": {
        "appinvite_service": {
          "other_platform_oauth_client": [
            {
              "client_id": "1030532823661-f72vibnmfkkanggcpoo1tsa9a174kgoi.apps.googleusercontent.com",
              "client_type": 3
            }
          ]
        }
      }
    },
    {
      "client_info": {
        "mobilesdk_app_id": "1:1030532823661:android:1cc6594602e3a33754dd64",
        "android_client_info": {
          "package_name": "com.anomaly.security"
        }
      },
      "oauth_client": [
        {
          "client_id": "1030532823661-f72vibnmfkkanggcpoo1tsa9a174kgoi.apps.googleusercontent.com",
          "client_type": 3
        }
      ],
      "api_key": [
        {
          "current_key": "AIzaSyB_2LsnIBkr7U44QX0rUx3b52oJqgF-2gk"
        }
      ],
      "services": {
        "appinvite_service": {
          "other_platform_oauth_client": [
            {
              "client_id": "1030532823661-f72vibnmfkkanggcpoo1tsa9a174kgoi.apps.googleusercontent.com",
              "client_type": 3
            }
          ]
        }
      }
    },
    {
      "client_info": {
        "mobilesdk_app_id": "1:1030532823661:android:b1bcf0b011b40e7954dd64",
        "android_client_info": {
          "package_name": "com.attendance.indoorsafty"
        }
      },
      "oauth_client": [
        {
          "client_id": "1030532823661-f72vibnmfkkanggcpoo1tsa9a174kgoi.apps.googleusercontent.com",
          "client_type": 3
        }
      ],
      "api_key": [
        {
          "current_key": "AIzaSyB_2LsnIBkr7U44QX0rUx3b52oJqgF-2gk"
        }
      ],
      "services": {
        "appinvite_service": {
          "other_platform_oauth_client": [
            {
              "client_id": "1030532823661-f72vibnmfkkanggcpoo1tsa9a174kgoi.apps.googleusercontent.com",
              "client_type": 3
            }
          ]
        }
      }
    },
    {
      "client_info": {
        "mobilesdk_app_id": "1:1030532823661:android:2d257bfad8426bbc54dd64",
        "android_client_info": {
          "package_name": "com.attendance.management"
        }
      },
      "oauth_client": [
        {
          "client_id": "1030532823661-f72vibnmfkkanggcpoo1tsa9a174kgoi.apps.googleusercontent.com",
          "client_type": 3
        }
      ],
      "api_key": [
        {
          "current_key": "AIzaSyB_2LsnIBkr7U44QX0rUx3b52oJqgF-2gk"
        }
      ],
      "services": {
        "appinvite_service": {
          "other_platform_oauth_client": [
            {
              "client_id": "1030532823661-f72vibnmfkkanggcpoo1tsa9a174kgoi.apps.googleusercontent.com",
              "client_type": 3
            }
          ]
        }
      }
    },
    {
      "client_info": {
        "mobilesdk_app_id": "1:1030532823661:android:2d27373050a01a8b54dd64",
        "android_client_info": {
          "package_name": "com.cyber.crimetracking"
        }
      },
      "oauth_client": [
        {
          "client_id": "1030532823661-f72vibnmfkkanggcpoo1tsa9a174kgoi.apps.googleusercontent.com",
          "client_type": 3
        }
      ],
      "api_key": [
        {
          "current_key": "AIzaSyB_2LsnIBkr7U44QX0rUx3b52oJqgF-2gk"
        }
      ],
      "services": {
        "appinvite_service": {
          "other_platform_oauth_client": [
            {
              "client_id": "1030532823661-f72vibnmfkkanggcpoo1tsa9a174kgoi.apps.googleusercontent.com",
              "client_type": 3
            }
          ]
        }
      }
    },
    {
      "client_info": {
        "mobilesdk_app_id": "1:1030532823661:android:4e117eb42850236254dd64",
        "android_client_info": {
          "package_name": "com.digital.vehiclercbook"
        }
      },
      "oauth_client": [
        {
          "client_id": "1030532823661-f72vibnmfkkanggcpoo1tsa9a174kgoi.apps.googleusercontent.com",
          "client_type": 3
        }
      ],
      "api_key": [
        {
          "current_key": "AIzaSyB_2LsnIBkr7U44QX0rUx3b52oJqgF-2gk"
        }
      ],
      "services": {
        "appinvite_service": {
          "other_platform_oauth_client": [
            {
              "client_id": "1030532823661-f72vibnmfkkanggcpoo1tsa9a174kgoi.apps.googleusercontent.com",
              "client_type": 3
            }
          ]
        }
      }
    },
    {
      "client_info": {
        "mobilesdk_app_id": "1:1030532823661:android:64e3e3536fad4a8354dd64",
        "android_client_info": {
          "package_name": "com.drowsy.drivermonitor"
        }
      },
      "oauth_client": [
        {
          "client_id": "1030532823661-f72vibnmfkkanggcpoo1tsa9a174kgoi.apps.googleusercontent.com",
          "client_type": 3
        }
      ],
      "api_key": [
        {
          "current_key": "AIzaSyB_2LsnIBkr7U44QX0rUx3b52oJqgF-2gk"
        }
      ],
      "services": {
        "appinvite_service": {
          "other_platform_oauth_client": [
            {
              "client_id": "1030532823661-f72vibnmfkkanggcpoo1tsa9a174kgoi.apps.googleusercontent.com",
              "client_type": 3
            }
          ]
        }
      }
    },
    {
      "client_info": {
        "mobilesdk_app_id": "1:1030532823661:android:06e260c4bc3d80e554dd64",
        "android_client_info": {
          "package_name": "com.example.earlyflooddetection"
        }
      },
      "oauth_client": [
        {
          "client_id": "1030532823661-f72vibnmfkkanggcpoo1tsa9a174kgoi.apps.googleusercontent.com",
          "client_type": 3
        }
      ],
      "api_key": [
        {
          "current_key": "AIzaSyB_2LsnIBkr7U44QX0rUx3b52oJqgF-2gk"
        }
      ],
      "services": {
        "appinvite_service": {
          "other_platform_oauth_client": [
            {
              "client_id": "1030532823661-f72vibnmfkkanggcpoo1tsa9a174kgoi.apps.googleusercontent.com",
              "client_type": 3
            }
          ]
        }
      }
    },
    {
      "client_info": {
        "mobilesdk_app_id": "1:1030532823661:android:a9a23e0582edb59c54dd64",
        "android_client_info": {
          "package_name": "com.example.gvs.college_bus_management_system"
        }
      },
      "oauth_client": [
        {
          "client_id": "1030532823661-f72vibnmfkkanggcpoo1tsa9a174kgoi.apps.googleusercontent.com",
          "client_type": 3
        }
      ],
      "api_key": [
        {
          "current_key": "AIzaSyB_2LsnIBkr7U44QX0rUx3b52oJqgF-2gk"
        }
      ],
      "services": {
        "appinvite_service": {
          "other_platform_oauth_client": [
            {
              "client_id": "1030532823661-f72vibnmfkkanggcpoo1tsa9a174kgoi.apps.googleusercontent.com",
              "client_type": 3
            }
          ]
        }
      }
    },
    {
      "client_info": {
        "mobilesdk_app_id": "1:1030532823661:android:19a2e72435e8f4d154dd64",
        "android_client_info": {
          "package_name": "com.fakenews.trackingsystem"
        }
      },
      "oauth_client": [
        {
          "client_id": "1030532823661-f72vibnmfkkanggcpoo1tsa9a174kgoi.apps.googleusercontent.com",
          "client_type": 3
        }
      ],
      "api_key": [
        {
          "current_key": "AIzaSyB_2LsnIBkr7U44QX0rUx3b52oJqgF-2gk"
        }
      ],
      "services": {
        "appinvite_service": {
          "other_platform_oauth_client": [
            {
              "client_id": "1030532823661-f72vibnmfkkanggcpoo1tsa9a174kgoi.apps.googleusercontent.com",
              "client_type": 3
            }
          ]
        }
      }
    },
    {
      "client_info": {
        "mobilesdk_app_id": "1:1030532823661:android:264d3437166b0db554dd64",
        "android_client_info": {
          "package_name": "com.flood.detection"
        }
      },
      "oauth_client": [
        {
          "client_id": "1030532823661-f72vibnmfkkanggcpoo1tsa9a174kgoi.apps.googleusercontent.com",
          "client_type": 3
        }
      ],
      "api_key": [
        {
          "current_key": "AIzaSyB_2LsnIBkr7U44QX0rUx3b52oJqgF-2gk"
        }
      ],
      "services": {
        "appinvite_service": {
          "other_platform_oauth_client": [
            {
              "client_id": "1030532823661-f72vibnmfkkanggcpoo1tsa9a174kgoi.apps.googleusercontent.com",
              "client_type": 3
            }
          ]
        }
      }
    },
    {
      "client_info": {
        "mobilesdk_app_id": "1:1030532823661:android:8750146f316faa6c54dd64",
        "android_client_info": {
          "package_name": "com.garbage"
        }
      },
      "oauth_client": [
        {
          "client_id": "1030532823661-f72vibnmfkkanggcpoo1tsa9a174kgoi.apps.googleusercontent.com",
          "client_type": 3
        }
      ],
      "api_key": [
        {
          "current_key": "AIzaSyB_2LsnIBkr7U44QX0rUx3b52oJqgF-2gk"
        }
      ],
      "services": {
        "appinvite_service": {
          "other_platform_oauth_client": [
            {
              "client_id": "1030532823661-f72vibnmfkkanggcpoo1tsa9a174kgoi.apps.googleusercontent.com",
              "client_type": 3
            }
          ]
        }
      }
    },
    {
      "client_info": {
        "mobilesdk_app_id": "1:1030532823661:android:38df357aff5991a154dd64",
        "android_client_info": {
          "package_name": "com.industrial.monitoring"
        }
      },
      "oauth_client": [
        {
          "client_id": "1030532823661-f72vibnmfkkanggcpoo1tsa9a174kgoi.apps.googleusercontent.com",
          "client_type": 3
        }
      ],
      "api_key": [
        {
          "current_key": "AIzaSyB_2LsnIBkr7U44QX0rUx3b52oJqgF-2gk"
        }
      ],
      "services": {
        "appinvite_service": {
          "other_platform_oauth_client": [
            {
              "client_id": "1030532823661-f72vibnmfkkanggcpoo1tsa9a174kgoi.apps.googleusercontent.com",
              "client_type": 3
            }
          ]
        }
      }
    },
    {
      "client_info": {
        "mobilesdk_app_id": "1:1030532823661:android:4c6a0dbe04f47b0954dd64",
        "android_client_info": {
          "package_name": "com.intrusiondetection"
        }
      },
      "oauth_client": [
        {
          "client_id": "1030532823661-f72vibnmfkkanggcpoo1tsa9a174kgoi.apps.googleusercontent.com",
          "client_type": 3
        }
      ],
      "api_key": [
        {
          "current_key": "AIzaSyB_2LsnIBkr7U44QX0rUx3b52oJqgF-2gk"
        }
      ],
      "services": {
        "appinvite_service": {
          "other_platform_oauth_client": [
            {
              "client_id": "1030532823661-f72vibnmfkkanggcpoo1tsa9a174kgoi.apps.googleusercontent.com",
              "client_type": 3
            }
          ]
        }
      }
    },
    {
      "client_info": {
        "mobilesdk_app_id": "1:1030532823661:android:bf66ba8e43e5e8d754dd64",
        "android_client_info": {
          "package_name": "com.online.covidcare"
        }
      },
      "oauth_client": [
        {
          "client_id": "1030532823661-f72vibnmfkkanggcpoo1tsa9a174kgoi.apps.googleusercontent.com",
          "client_type": 3
        }
      ],
      "api_key": [
        {
          "current_key": "AIzaSyB_2LsnIBkr7U44QX0rUx3b52oJqgF-2gk"
        }
      ],
      "services": {
        "appinvite_service": {
          "other_platform_oauth_client": [
            {
              "client_id": "1030532823661-f72vibnmfkkanggcpoo1tsa9a174kgoi.apps.googleusercontent.com",
              "client_type": 3
            }
          ]
        }
      }
    },
    {
      "client_info": {
        "mobilesdk_app_id": "1:1030532823661:android:be7c5547d9740e9454dd64",
        "android_client_info": {
          "package_name": "com.online.parkingbooking"
        }
      },
      "oauth_client": [
        {
          "client_id": "1030532823661-f72vibnmfkkanggcpoo1tsa9a174kgoi.apps.googleusercontent.com",
          "client_type": 3
        }
      ],
      "api_key": [
        {
          "current_key": "AIzaSyB_2LsnIBkr7U44QX0rUx3b52oJqgF-2gk"
        }
      ],
      "services": {
        "appinvite_service": {
          "other_platform_oauth_client": [
            {
              "client_id": "1030532823661-f72vibnmfkkanggcpoo1tsa9a174kgoi.apps.googleusercontent.com",
              "client_type": 3
            }
          ]
        }
      }
    },
    {
      "client_info": {
        "mobilesdk_app_id": "1:1030532823661:android:069cd4601f16590954dd64",
        "android_client_info": {
          "package_name": "com.pot.hole"
        }
      },
      "oauth_client": [
        {
          "client_id": "1030532823661-f72vibnmfkkanggcpoo1tsa9a174kgoi.apps.googleusercontent.com",
          "client_type": 3
        }
      ],
      "api_key": [
        {
          "current_key": "AIzaSyB_2LsnIBkr7U44QX0rUx3b52oJqgF-2gk"
        }
      ],
      "services": {
        "appinvite_service": {
          "other_platform_oauth_client": [
            {
              "client_id": "1030532823661-f72vibnmfkkanggcpoo1tsa9a174kgoi.apps.googleusercontent.com",
              "client_type": 3
            }
          ]
        }
      }
    },
    {
      "client_info": {
        "mobilesdk_app_id": "1:1030532823661:android:55cdf7c51708ea3f54dd64",
        "android_client_info": {
          "package_name": "com.smart.box"
        }
      },
      "oauth_client": [
        {
          "client_id": "1030532823661-f72vibnmfkkanggcpoo1tsa9a174kgoi.apps.googleusercontent.com",
          "client_type": 3
        }
      ],
      "api_key": [
        {
          "current_key": "AIzaSyB_2LsnIBkr7U44QX0rUx3b52oJqgF-2gk"
        }
      ],
      "services": {
        "appinvite_service": {
          "other_platform_oauth_client": [
            {
              "client_id": "1030532823661-f72vibnmfkkanggcpoo1tsa9a174kgoi.apps.googleusercontent.com",
              "client_type": 3
            }
          ]
        }
      }
    },
    {
      "client_info": {
        "mobilesdk_app_id": "1:1030532823661:android:aa4d170d4fa7a7f654dd64",
        "android_client_info": {
          "package_name": "com.smart.weatherreportingsystem"
        }
      },
      "oauth_client": [
        {
          "client_id": "1030532823661-f72vibnmfkkanggcpoo1tsa9a174kgoi.apps.googleusercontent.com",
          "client_type": 3
        }
      ],
      "api_key": [
        {
          "current_key": "AIzaSyB_2LsnIBkr7U44QX0rUx3b52oJqgF-2gk"
        }
      ],
      "services": {
        "appinvite_service": {
          "other_platform_oauth_client": [
            {
              "client_id": "1030532823661-f72vibnmfkkanggcpoo1tsa9a174kgoi.apps.googleusercontent.com",
              "client_type": 3
            }
          ]
        }
      }
    },
    {
      "client_info": {
        "mobilesdk_app_id": "1:1030532823661:android:01670880049ff92a54dd64",
        "android_client_info": {
          "package_name": "com.social.distance"
        }
      },
      "oauth_client": [
        {
          "client_id": "1030532823661-f72vibnmfkkanggcpoo1tsa9a174kgoi.apps.googleusercontent.com",
          "client_type": 3
        }
      ],
      "api_key": [
        {
          "current_key": "AIzaSyB_2LsnIBkr7U44QX0rUx3b52oJqgF-2gk"
        }
      ],
      "services": {
        "appinvite_service": {
          "other_platform_oauth_client": [
            {
              "client_id": "1030532823661-f72vibnmfkkanggcpoo1tsa9a174kgoi.apps.googleusercontent.com",
              "client_type": 3
            }
          ]
        }
      }
    },
    {
      "client_info": {
        "mobilesdk_app_id": "1:1030532823661:android:3d5cb74cb256627a54dd64",
        "android_client_info": {
          "package_name": "com.spylee"
        }
      },
      "oauth_client": [
        {
          "client_id": "1030532823661-f72vibnmfkkanggcpoo1tsa9a174kgoi.apps.googleusercontent.com",
          "client_type": 3
        }
      ],
      "api_key": [
        {
          "current_key": "AIzaSyB_2LsnIBkr7U44QX0rUx3b52oJqgF-2gk"
        }
      ],
      "services": {
        "appinvite_service": {
          "other_platform_oauth_client": [
            {
              "client_id": "1030532823661-f72vibnmfkkanggcpoo1tsa9a174kgoi.apps.googleusercontent.com",
              "client_type": 3
            }
          ]
        }
      }
    },
    {
      "client_info": {
        "mobilesdk_app_id": "1:1030532823661:android:ff9b6c040f9f7c3754dd64",
        "android_client_info": {
          "package_name": "com.transformation.mathematics"
        }
      },
      "oauth_client": [
        {
          "client_id": "1030532823661-f72vibnmfkkanggcpoo1tsa9a174kgoi.apps.googleusercontent.com",
          "client_type": 3
        }
      ],
      "api_key": [
        {
          "current_key": "AIzaSyB_2LsnIBkr7U44QX0rUx3b52oJqgF-2gk"
        }
      ],
      "services": {
        "appinvite_service": {
          "other_platform_oauth_client": [
            {
              "client_id": "1030532823661-f72vibnmfkkanggcpoo1tsa9a174kgoi.apps.googleusercontent.com",
              "client_type": 3
            }
          ]
        }
      }
    },
    {
      "client_info": {
        "mobilesdk_app_id": "1:1030532823661:android:e755bd5c442d45b154dd64",
        "android_client_info": {
          "package_name": "com.water.qualitymonitoring"
        }
      },
      "oauth_client": [
        {
          "client_id": "1030532823661-f72vibnmfkkanggcpoo1tsa9a174kgoi.apps.googleusercontent.com",
          "client_type": 3
        }
      ],
      "api_key": [
        {
          "current_key": "AIzaSyB_2LsnIBkr7U44QX0rUx3b52oJqgF-2gk"
        }
      ],
      "services": {
        "appinvite_service": {
          "other_platform_oauth_client": [
            {
              "client_id": "1030532823661-f72vibnmfkkanggcpoo1tsa9a174kgoi.apps.googleusercontent.com",
              "client_type": 3
            }
          ]
        }
      }
    },
    {
      "client_info": {
        "mobilesdk_app_id": "1:1030532823661:android:d2be3bc2ff7adfaf54dd64",
        "android_client_info": {
          "package_name": "gvs.com.college_notofication_management_system"
        }
      },
      "oauth_client": [
        {
          "client_id": "1030532823661-f72vibnmfkkanggcpoo1tsa9a174kgoi.apps.googleusercontent.com",
          "client_type": 3
        }
      ],
      "api_key": [
        {
          "current_key": "AIzaSyB_2LsnIBkr7U44QX0rUx3b52oJqgF-2gk"
        }
      ],
      "services": {
        "appinvite_service": {
          "other_platform_oauth_client": [
            {
              "client_id": "1030532823661-f72vibnmfkkanggcpoo1tsa9a174kgoi.apps.googleusercontent.com",
              "client_type": 3
            }
          ]
        }
      }
    },
    {
      "client_info": {
        "mobilesdk_app_id": "1:1030532823661:android:42bb811b73894d1054dd64",
        "android_client_info": {
          "package_name": "gvs.com.gate_college_management_application"
        }
      },
      "oauth_client": [
        {
          "client_id": "1030532823661-f72vibnmfkkanggcpoo1tsa9a174kgoi.apps.googleusercontent.com",
          "client_type": 3
        }
      ],
      "api_key": [
        {
          "current_key": "AIzaSyB_2LsnIBkr7U44QX0rUx3b52oJqgF-2gk"
        }
      ],
      "services": {
        "appinvite_service": {
          "other_platform_oauth_client": [
            {
              "client_id": "1030532823661-f72vibnmfkkanggcpoo1tsa9a174kgoi.apps.googleusercontent.com",
              "client_type": 3
            }
          ]
        }
      }
    },
    {
      "client_info": {
        "mobilesdk_app_id": "1:1030532823661:android:a048eb80e9361dc054dd64",
        "android_client_info": {
          "package_name": "gvs.com.placementmanagementsystem"
        }
      },
      "oauth_client": [
        {
          "client_id": "1030532823661-f72vibnmfkkanggcpoo1tsa9a174kgoi.apps.googleusercontent.com",
          "client_type": 3
        }
      ],
      "api_key": [
        {
          "current_key": "AIzaSyB_2LsnIBkr7U44QX0rUx3b52oJqgF-2gk"
        }
      ],
      "services": {
        "appinvite_service": {
          "other_platform_oauth_client": [
            {
              "client_id": "1030532823661-f72vibnmfkkanggcpoo1tsa9a174kgoi.apps.googleusercontent.com",
              "client_type": 3
            }
          ]
        }
      }
    }
  ],
  "configuration_version": "1"
}